{"cameraMode":{"drawMode":0,"name":"Shaded","section":"Shading Mode"},"sceneLighting":true,"audioPlay":false,"sceneViewState":{"showFog":false,"showMaterialUpdate":false,"showSkybox":false,"showFlares":false,"showImageEffects":false,"showParticleSystems":false},"in2DMode":false,"pivot":{"x":-0.35317468643188479,"y":-11.203009605407715,"z":-4.897025108337402},"rotation":{"x":0.44294917583465578,"y":-0.5145823359489441,"z":0.3545510172843933,"w":0.6428799629211426},"size":17.304861068725587,"orthographic":false}